valid,0

"SPEC CPU2017 Integer Speed Result"

"Full Results Table"

Benchmark,"Base # Threads","Est. Base Run Time","Est. Base Ratio","Base Selected","Base Status","Peak # Threads","Est. Peak Run Time","Est. Peak Ratio","Peak Selected","Peak Status",Description
600.perlbench_s,1,0.258161,6875.554402,0,RE,,,,,,"refspeed(ref) iteration #1"
602.gcc_s,1,--,--,0,CE,,,,,,"refspeed(ref) iteration #1"
605.mcf_s,1,1.511819,3122.728316,0,RE,,,,,,"refspeed(ref) iteration #1"
620.omnetpp_s,1,399.53941,4.082201,1,S,,,,,,"refspeed(ref) iteration #1"
623.xalancbmk_s,1,--,--,0,CE,,,,,,"refspeed(ref) iteration #1"
625.x264_s,1,--,--,0,CE,,,,,,"refspeed(ref) iteration #1"
631.deepsjeng_s,1,289.807009,4.94467,1,S,,,,,,"refspeed(ref) iteration #1"
641.leela_s,1,299.170145,5.702441,1,S,,,,,,"refspeed(ref) iteration #1"
648.exchange2_s,1,--,--,0,CE,,,,,,"refspeed(ref) iteration #1"
657.xz_s,1,41.127394,150.313438,0,RE,,,,,,"refspeed(ref) iteration #1"

"Selected Results Table"

Benchmark,"Base # Threads","Est. Base Run Time","Est. Base Ratio","Base Selected","Base Status","Peak # Threads","Est. Peak Run Time","Est. Peak Ratio","Peak Selected","Peak Status",Description
600.perlbench_s,,,,,NR,,,,,NR
602.gcc_s,,,,,NR,,,,,NR
605.mcf_s,,,,,NR,,,,,NR
620.omnetpp_s,1,399.53941,4.082201,1,S,,,,,NR,"SelectedIteration (base #1; peak NR)"
623.xalancbmk_s,,,,,NR,,,,,NR
625.x264_s,,,,,NR,,,,,NR
631.deepsjeng_s,1,289.807009,4.94467,1,S,,,,,NR,"SelectedIteration (base #1; peak NR)"
641.leela_s,1,299.170145,5.702441,1,S,,,,,NR,"SelectedIteration (base #1; peak NR)"
648.exchange2_s,,,,,NR,,,,,NR
657.xz_s,,,,,NR,,,,,NR

SPECspeed2017_int_base,4.864417,,4.864417
SPECspeed2017_int_peak,"Not Run",,,,,,,"Not Run"

"Run number:",003
"runcpu command:","/mnt/spec/bin/harness/runcpu --config=clang-kcfi.cfg intspeed"
"output root:","not used"

"Hardware Vendor:",--
"Hardware Model:",--
"Date tested:",Jun-2024
"CPU2017 License:",--
"Test sponsor:",--
"Tested by:",--
"Hardware avail:",--
"Software avail:",--


HARDWARE

"CPU Name","AMD Ryzen 5 5600H with Radeon Graphics"
"  Max MHz",--
"  Nominal",--
Enabled,"6 cores, 1 chip, 2 threads/core"
Orderable,--
"Cache L1",--
"  L2",--
"  L3",--
"  Other",--
Memory,"13.493 GB fixme: If using DDR4, the format is:"
,"'N GB (N x N GB nRxn PC4-nnnnX-X)'"
Storage,"476 GB  add more disk info here"
Other,--

SOFTWARE

OS,"Ubuntu 22.04.4 LTS"
,6.8.11-200.fc39.x86_64
Compiler,--
Parallel,No
Firmware,--
"File System",btrfs
"System State","software state (e.g runlevel)"
"Base Pointers",64-bit
"Peak Pointers","Not Applicable"
Other,--
"Power Management",--

"Platform Notes"


" Sysinfo program /mnt/spec/bin/sysinfo"
" Rev: r6732 of 2022-11-07 fe91c89b7ed5c36ae2c92cc097bec197"
" running on 3e6124ffd0f9 Sun Jun  9 16:25:47 2024"

" SUT (System Under Test) info as seen by some common utilities."

" ------------------------------------------------------------"
" Table of contents"
" ------------------------------------------------------------"
"  1. uname -a"
"  2. w"
"  3. ulimit -a"
"  4. sysinfo process ancestry"
"  5. /proc/cpuinfo"
"  6. lscpu"
"  7. numactl warning"
"  8. /proc/meminfo"
"  9. Systemd service manager version: systemd 249 (249.11-0ubuntu3.12)"
" 10. Services, from systemctl list-unit-files"
" 11. Linux kernel boot-time arguments, from /proc/cmdline"
" 12. sysctl"
" 13. /sys/kernel/mm/transparent_hugepage"
" 14. /sys/kernel/mm/transparent_hugepage/khugepaged"
" 15. OS release"
" 16. Disk information"
" 17. /sys/devices/virtual/dmi/id"
" 18. dmidecode warning"
" 19. BIOS"
" ------------------------------------------------------------"

" ------------------------------------------------------------"
" 1. uname -a"
"   Linux 3e6124ffd0f9 6.8.11-200.fc39.x86_64 #1 SMP PREEMPT_DYNAMIC Sun May 26 20:05:41 UTC 2024 x86_64 x86_64"
"   x86_64 GNU/Linux"

" ------------------------------------------------------------"
" 2. w"
"    16:25:47 up  2:14,  0 users,  load average: 0.24, 0.32, 0.37"
"   USER     TTY      FROM             LOGIN@   IDLE   JCPU   PCPU WHAT"

" ------------------------------------------------------------"
" 3. ulimit -a"
"   time(seconds)        unlimited"
"   file(blocks)         unlimited"
"   data(kbytes)         unlimited"
"   stack(kbytes)        8192"
"   coredump(blocks)     unlimited"
"   memory(kbytes)       unlimited"
"   locked memory(kbytes) 8192"
"   process              unlimited"
"   nofiles              1024"
"   vmemory(kbytes)      unlimited"
"   locks                unlimited"
"   rtprio               0"

" ------------------------------------------------------------"
" 4. sysinfo process ancestry"
"  /bin/bash"
"  runcpu --config=clang-kcfi.cfg intspeed"
"  specperl $SPEC/bin/sysinfo"
" $SPEC = /mnt/spec"

" ------------------------------------------------------------"
" 5. /proc/cpuinfo"
"     model name      : AMD Ryzen 5 5600H with Radeon Graphics"
"     vendor_id       : AuthenticAMD"
"     cpu family      : 25"
"     model           : 80"
"     stepping        : 0"
"     microcode       : 0xa50000c"
"     bugs            : sysret_ss_attrs spectre_v1 spectre_v2 spec_store_bypass srso"
"     TLB size        : 2560 4K pages"
"     cpu cores       : 6"
"     siblings        : 12"
"     1 physical ids (chips)"
"     12 processors (hardware threads)"
"     physical id 0: core ids 0-5"
"     physical id 0: apicids 0-11"
"   Caution: /proc/cpuinfo data regarding chips, cores, and threads is not necessarily reliable, especially for"
"   virtualized systems.  Use the above data carefully."

" ------------------------------------------------------------"
" 6. lscpu"

" From lscpu from util-linux 2.37.2:"
"   Architecture:                         x86_64"
"   CPU op-mode(s):                       32-bit, 64-bit"
"   Address sizes:                        48 bits physical, 48 bits virtual"
"   Byte Order:                           Little Endian"
"   CPU(s):                               12"
"   On-line CPU(s) list:                  0-11"
"   Vendor ID:                            AuthenticAMD"
"   Model name:                           AMD Ryzen 5 5600H with Radeon Graphics"
"   CPU family:                           25"
"   Model:                                80"
"   Thread(s) per core:                   2"
"   Core(s) per socket:                   6"
"   Socket(s):                            1"
"   Stepping:                             0"
"   CPU max MHz:                          4280.0000"
"   CPU min MHz:                          400.0000"
"   BogoMIPS:                             6587.95"
"   Flags:                                fpu vme de pse tsc msr pae mce cx8 apic sep mtrr pge mca cmov pat"
"                                         pse36 clflush mmx fxsr sse sse2 ht syscall nx mmxext fxsr_opt pdpe1gb"
"                                         rdtscp lm constant_tsc rep_good nopl nonstop_tsc cpuid extd_apicid"
"                                         aperfmperf rapl pni pclmulqdq monitor ssse3 fma cx16 sse4_1 sse4_2"
"                                         movbe popcnt aes xsave avx f16c rdrand lahf_lm cmp_legacy svm extapic"
"                                         cr8_legacy abm sse4a misalignsse 3dnowprefetch osvw ibs skinit wdt"
"                                         tce topoext perfctr_core perfctr_nb bpext perfctr_llc mwaitx cpb"
"                                         cat_l3 cdp_l3 hw_pstate ssbd mba ibrs ibpb stibp vmmcall fsgsbase"
"                                         bmi1 avx2 smep bmi2 erms invpcid cqm rdt_a rdseed adx smap clflushopt"
"                                         clwb sha_ni xsaveopt xsavec xgetbv1 xsaves cqm_llc cqm_occup_llc"
"                                         cqm_mbm_total cqm_mbm_local user_shstk clzero irperf xsaveerptr rdpru"
"                                         wbnoinvd cppc arat npt lbrv svm_lock nrip_save tsc_scale vmcb_clean"
"                                         flushbyasid decodeassists pausefilter pfthreshold avic"
"                                         v_vmsave_vmload vgif v_spec_ctrl umip pku ospke vaes vpclmulqdq rdpid"
"                                         overflow_recov succor smca fsrm debug_swap"
"   Virtualization:                       AMD-V"
"   L1d cache:                            192 KiB (6 instances)"
"   L1i cache:                            192 KiB (6 instances)"
"   L2 cache:                             3 MiB (6 instances)"
"   L3 cache:                             16 MiB (1 instance)"
"   NUMA node(s):                         1"
"   NUMA node0 CPU(s):                    0-11"
"   Vulnerability Gather data sampling:   Not affected"
"   Vulnerability Itlb multihit:          Not affected"
"   Vulnerability L1tf:                   Not affected"
"   Vulnerability Mds:                    Not affected"
"   Vulnerability Meltdown:               Not affected"
"   Vulnerability Mmio stale data:        Not affected"
"   Vulnerability Reg file data sampling: Not affected"
"   Vulnerability Retbleed:               Not affected"
"   Vulnerability Spec rstack overflow:   Vulnerable: Safe RET, no microcode"
"   Vulnerability Spec store bypass:      Mitigation; Speculative Store Bypass disabled via prctl"
"   Vulnerability Spectre v1:             Mitigation; usercopy/swapgs barriers and __user pointer sanitization"
"   Vulnerability Spectre v2:             Mitigation; Retpolines; IBPB conditional; IBRS_FW; STIBP always-on;"
"                                         RSB filling; PBRSB-eIBRS Not affected; BHI Not affected"
"   Vulnerability Srbds:                  Not affected"
"   Vulnerability Tsx async abort:        Not affected"

" From lscpu --cache:"
"      NAME ONE-SIZE ALL-SIZE WAYS TYPE        LEVEL  SETS PHY-LINE COHERENCY-SIZE"
"      L1d       32K     192K    8 Data            1    64        1             64"
"      L1i       32K     192K    8 Instruction     1    64        1             64"
"      L2       512K       3M    8 Unified         2  1024        1             64"
"      L3        16M      16M   16 Unified         3 16384        1             64"

" ------------------------------------------------------------"
" 7. numactl warning"

" Unable to get information from 'numactl --hardware'.  Please consider installing numactl."

" ------------------------------------------------------------"
" 8. /proc/meminfo"
"    MemTotal:       14148428 kB"

" 'who -r' did not return a run level"

" ------------------------------------------------------------"
" 9. Systemd service manager version: systemd 249 (249.11-0ubuntu3.12)"
"   Default Target  Status"
"   graphical       offline"

" 'systemctl list-units --state=failed' did not return any data"

" ------------------------------------------------------------"
" 10. Services, from systemctl list-unit-files"
"   STATE     UNIT FILES"
"   enabled   binfmt-support e2scrub_reap getty@ networkd-dispatcher systemd-pstore systemd-resolved"
"             systemd-timesyncd unattended-upgrades"
"   disabled  console-getty debug-shell serial-getty@ systemd-boot-check-no-failures systemd-network-generator"
"             systemd-networkd systemd-networkd-wait-online systemd-sysext systemd-time-wait-sync"
"   masked    cryptdisks cryptdisks-early hwclock rc rcS x11-common"

" ------------------------------------------------------------"
" 11. Linux kernel boot-time arguments, from /proc/cmdline"
"   BOOT_IMAGE=(hd0,gpt2)/vmlinuz-6.8.11-200.fc39.x86_64"
"   root=UUID=ca6831eb-5de0-4cb7-9182-12f27d9480c0"
"   ro"
"   rootflags=subvol=root"
"   rd.driver.blacklist=nouveau"
"   modprobe.blacklist=nouveau"
"   rhgb"
"   quiet"
"   rd.driver.blacklist=nouveau"
"   modprobe.blacklist=nouveau"

" ------------------------------------------------------------"
" 12. sysctl"
"   kernel.numa_balancing               0"
"   kernel.randomize_va_space           2"
"   vm.compaction_proactiveness        20"
"   vm.dirty_background_bytes           0"
"   vm.dirty_background_ratio          10"
"   vm.dirty_bytes                      0"
"   vm.dirty_expire_centisecs        3000"
"   vm.dirty_ratio                     20"
"   vm.dirty_writeback_centisecs     1500"
"   vm.dirtytime_expire_seconds     43200"
"   vm.extfrag_threshold              500"
"   vm.min_unmapped_ratio               1"
"   vm.nr_hugepages                     0"
"   vm.nr_hugepages_mempolicy           0"
"   vm.nr_overcommit_hugepages          0"
"   vm.swappiness                      60"
"   vm.watermark_boost_factor       15000"
"   vm.watermark_scale_factor          10"
"   vm.zone_reclaim_mode                0"

" ------------------------------------------------------------"
" 13. /sys/kernel/mm/transparent_hugepage"
"   defrag          always defer defer+madvise [madvise] never"
"   enabled         always [madvise] never"
"   hpage_pmd_size  2097152"
"   shmem_enabled   always within_size advise [never] deny force"

" ------------------------------------------------------------"
" 14. /sys/kernel/mm/transparent_hugepage/khugepaged"
"   alloc_sleep_millisecs   60000"
"   defrag                      1"
"   max_ptes_none             511"
"   max_ptes_shared           256"
"   max_ptes_swap              64"
"   pages_to_scan            4096"
"   scan_sleep_millisecs    10000"

" ------------------------------------------------------------"
" 15. OS release"
"   From /etc/*-release /etc/*-version"
"   os-release Ubuntu 22.04.4 LTS"

" ------------------------------------------------------------"
" 16. Disk information"
" SPEC is set to: /mnt/spec"
"   Filesystem     Type   Size  Used Avail Use% Mounted on"
"   /dev/nvme0n1p3 btrfs  476G  173G  302G  37% /mnt/spec"

" ------------------------------------------------------------"
" 17. /sys/devices/virtual/dmi/id"
"     Vendor:         LENOVO"
"     Product:        82L5"
"     Product Family: IdeaPad 5 Pro 16ACH6"
"     Serial:         YX02LD95"

" ------------------------------------------------------------"
" 18. dmidecode warning"
"   Could not find dmidecode"


" ------------------------------------------------------------"
" 19. BIOS"
" (This section combines info from /sys/devices and dmidecode.)"
"    BIOS Vendor:       LENOVO"
"    BIOS Version:      GSCN23WW"
"    BIOS Date:         05/11/2021"

"Compiler Version Notes"

============================================================================================================
"C   | 600.perlbench_s(base) 605.mcf_s(base) 657.xz_s(base)"
------------------------------------------------------------------------------------------------------------
"Ubuntu clang version 17.0.6 (++20231209124227+6009708b4367-1~exp1~20231209124336.77)"
"Target: x86_64-pc-linux-gnu"
"Thread model: posix"
"InstalledDir: /usr/bin"
------------------------------------------------------------------------------------------------------------

============================================================================================================
"C++ | 620.omnetpp_s(base) 631.deepsjeng_s(base) 641.leela_s(base)"
------------------------------------------------------------------------------------------------------------
"Ubuntu clang version 17.0.6 (++20231209124227+6009708b4367-1~exp1~20231209124336.77)"
"Target: x86_64-pc-linux-gnu"
"Thread model: posix"
"InstalledDir: /usr/bin"
------------------------------------------------------------------------------------------------------------

"Base Runtime Environment"
600.perlbench_s," No flags used"
602.gcc_s
605.mcf_s," No flags used"
620.omnetpp_s," No flags used"
623.xalancbmk_s
625.x264_s
631.deepsjeng_s," No flags used"
641.leela_s," No flags used"
648.exchange2_s
657.xz_s," No flags used"

"Base Compiler Invocation"
600.perlbench_s," No flags used"
602.gcc_s
605.mcf_s," No flags used"
620.omnetpp_s," No flags used"
623.xalancbmk_s
625.x264_s
631.deepsjeng_s," No flags used"
641.leela_s," No flags used"
648.exchange2_s
657.xz_s," No flags used"

"Base Portability Flags"
600.perlbench_s," -DSPEC_LINUX_X64"," -DSPEC_LP64"
602.gcc_s
605.mcf_s," -DSPEC_LP64"
620.omnetpp_s," -DSPEC_LP64"
623.xalancbmk_s
625.x264_s
631.deepsjeng_s," -DSPEC_LP64"
641.leela_s," -DSPEC_LP64"
648.exchange2_s
657.xz_s," -DSPEC_LP64"

"Base Optimization Flags"
600.perlbench_s," -std=c99"," -std=c99"," -O3"
602.gcc_s
605.mcf_s," -std=c99"," -std=c99"," -O3"
620.omnetpp_s," -std=c++03"," -std=c++03"," -O3"
623.xalancbmk_s
625.x264_s
631.deepsjeng_s," -std=c++03"," -std=c++03"," -O3"
641.leela_s," -std=c++03"," -std=c++03"," -O3"
648.exchange2_s
657.xz_s," -std=c99"," -std=c99"," -O3"

"Base Other Flags"
600.perlbench_s," No flags used"
602.gcc_s
605.mcf_s," No flags used"
620.omnetpp_s," No flags used"
623.xalancbmk_s
625.x264_s
631.deepsjeng_s," No flags used"
641.leela_s," No flags used"
648.exchange2_s
657.xz_s," No flags used"

"Base Forbidden Flags"
600.perlbench_s
602.gcc_s
605.mcf_s
620.omnetpp_s
623.xalancbmk_s
625.x264_s
631.deepsjeng_s
641.leela_s
648.exchange2_s
657.xz_s

"Base Unknown Flags"
600.perlbench_s," clang-17"," clang-17"," -g -fsanitize=kcfi"," -g -fsanitize=kcfi"
602.gcc_s
605.mcf_s," clang-17"," clang-17"," -g -fsanitize=kcfi"," -g -fsanitize=kcfi"
620.omnetpp_s," clang++-17"," clang++-17"," -g -fsanitize=kcfi"," -g -fsanitize=kcfi"
623.xalancbmk_s
625.x264_s
631.deepsjeng_s," clang++-17"," clang++-17"," -g -fsanitize=kcfi"," -g -fsanitize=kcfi"
641.leela_s," clang++-17"," clang++-17"," -g -fsanitize=kcfi"," -g -fsanitize=kcfi"
648.exchange2_s
657.xz_s," clang-17"," clang-17"," -g -fsanitize=kcfi"," -g -fsanitize=kcfi"

"Peak Runtime Environment"
600.perlbench_s
602.gcc_s
605.mcf_s
620.omnetpp_s
623.xalancbmk_s
625.x264_s
631.deepsjeng_s
641.leela_s
648.exchange2_s
657.xz_s

"Peak Compiler Invocation"
600.perlbench_s
602.gcc_s
605.mcf_s
620.omnetpp_s
623.xalancbmk_s
625.x264_s
631.deepsjeng_s
641.leela_s
648.exchange2_s
657.xz_s

"Peak Portability Flags"
600.perlbench_s
602.gcc_s
605.mcf_s
620.omnetpp_s
623.xalancbmk_s
625.x264_s
631.deepsjeng_s
641.leela_s
648.exchange2_s
657.xz_s

"Peak Optimization Flags"
600.perlbench_s
602.gcc_s
605.mcf_s
620.omnetpp_s
623.xalancbmk_s
625.x264_s
631.deepsjeng_s
641.leela_s
648.exchange2_s
657.xz_s

"Peak Other Flags"
600.perlbench_s
602.gcc_s
605.mcf_s
620.omnetpp_s
623.xalancbmk_s
625.x264_s
631.deepsjeng_s
641.leela_s
648.exchange2_s
657.xz_s

"Peak Forbidden Flags"
600.perlbench_s
602.gcc_s
605.mcf_s
620.omnetpp_s
623.xalancbmk_s
625.x264_s
631.deepsjeng_s
641.leela_s
648.exchange2_s
657.xz_s

"Peak Unknown Flags"
600.perlbench_s
602.gcc_s
605.mcf_s
620.omnetpp_s
623.xalancbmk_s
625.x264_s
631.deepsjeng_s
641.leela_s
648.exchange2_s
657.xz_s

ERRORS

##############################################################################
"#   INVALID RUN INVALID RUN INVALID RUN INVALID RUN INVALID RUN INVALID RUN  #"
"#                                                                            #"
"# 'reportable' flag not set during run                                       #"
"# 641.leela_s (base) did not have enough runs!                               #"
"# 631.deepsjeng_s (base) did not have enough runs!                           #"
"# 620.omnetpp_s (base) did not have enough runs!                             #"
"# 657.xz_s (base) did not have enough runs!                                  #"
"# 602.gcc_s (base) did not have enough runs!                                 #"
"# 605.mcf_s (base) did not have enough runs!                                 #"
"# 623.xalancbmk_s (base) did not have enough runs!                           #"
"# 648.exchange2_s (base) did not have enough runs!                           #"
"# 600.perlbench_s (base) did not have enough runs!                           #"
"# 625.x264_s (base) did not have enough runs!                                #"
"# 657.xz_s (base) had invalid runs!                                          #"
"# 602.gcc_s (base) had invalid runs!                                         #"
"# 605.mcf_s (base) had invalid runs!                                         #"
"# 623.xalancbmk_s (base) had invalid runs!                                   #"
"# 648.exchange2_s (base) had invalid runs!                                   #"
"# 600.perlbench_s (base) had invalid runs!                                   #"
"# 625.x264_s (base) had invalid runs!                                        #"
"# Run of 600.perlbench_s (base) was not valid; status is RE                  #"
"# Run of 602.gcc_s (base) was not valid; status is CE                        #"
"# Run of 605.mcf_s (base) was not valid; status is RE                        #"
"# Run of 623.xalancbmk_s (base) was not valid; status is CE                  #"
"# Run of 625.x264_s (base) was not valid; status is CE                       #"
"# Run of 648.exchange2_s (base) was not valid; status is CE                  #"
"# Run of 657.xz_s (base) was not valid; status is RE                         #"
"# Unknown flags were used! See                                               #"
"#      https://www.spec.org/cpu2017/Docs/runcpu.html#flagsurl                #"
"# for information about how to get rid of this error.                        #"
"# Error 600.perlbench_s: copy 0 non-zero return code (exit code=132, signal=0) #"
"# Error 602.gcc_s: Error with make!                                          #"
"# Error 605.mcf_s: copy 0 non-zero return code (exit code=132, signal=0)     #"
"# Error 623.xalancbmk_s: Error with make!                                    #"
"# Error 625.x264_s: Error with make!                                         #"
"# Error 648.exchange2_s: failed by request                                   #"
"# Error 657.xz_s: copy 0 non-zero return code (exit code=132, signal=0)      #"
"#                                                                            #"
"#   INVALID RUN INVALID RUN INVALID RUN INVALID RUN INVALID RUN INVALID RUN  #"
##############################################################################
----------------
"For questions about","this result, please","contact the tester.",
"For other inquiries,","please contact",info@spec.org.,
"Copyright 2017-2024 Standard","Performance Evaluation",Corporation,
"Tested with SPEC CPU2017",v1.1.9.
"Result run on","2024-06-09 16:25:47+0000."
"Report generated on","2024-06-09 16:45:11","by SPEC CPU2017 CSV","formatter v6253."
